date;Paris;Hauts-de-Seine;Seine-Saint-Denis;Val-de-Marne;Ile-de-France
18/02/20;-11,0;-13,1;-12,7;-13,9;-14,1
19/02/20;-11,0;-13,3;-12,7;-14,0;-14,1
20/02/20;-11,1;-13,4;-12,9;-13,9;-14,3
21/02/20;-8,7;-10,4;-10,3;-10,7;-11,1
22/02/20;-6,4;-7,7;-8,0;-7,9;-8,3
23/02/20;-4,4;-5,3;-6,0;-5,6;-5,9
24/02/20;-2,1;-2,6;-3,6;-2,7;-3,0
25/02/20;0,1;0,3;-1,1;0,3;0,0
26/02/20;1,3;1,7;-0,3;1,9;1,3
27/02/20;0,9;1,6;-0,4;1,9;1,3
28/02/20;0,9;1,6;-0,4;1,9;1,3
29/02/20;0,7;1,6;-0,4;1,9;1,3
01/03/20;0,7;1,6;-0,4;1,9;1,3
02/03/20;0,4;1,4;-0,6;1,9;1,3
03/03/20;0,3;1,1;-0,6;1,9;1,3
04/03/20;0,1;1,0;-0,6;1,6;1,1
05/03/20;0,0;0,9;-0,6;1,1;1,0
06/03/20;-0,4;0,4;-0,7;0,9;0,7
07/03/20;-0,9;0,0;-1,0;0,4;0,3
08/03/20;-1,6;-0,6;-1,1;0,0;-0,1
09/03/20;-2,3;-1,0;-1,3;-0,4;-0,6
10/03/20;-3,6;-2,0;-1,9;-1,1;-1,4
11/03/20;-5,1;-3,3;-3,0;-2,3;-2,6
12/03/20;-7,7;-5,4;-5,6;-4,4;-4,6
13/03/20;-15,6;-13,0;-11,6;-11,1;-11,3
14/03/20;-26,4;-23,6;-20,7;-20,7;-20,9
15/03/20;-37,9;-35,1;-31,1;-31,4;-31,6
16/03/20;-49,1;-46,7;-41,7;-42,4;-42,4
17/03/20;-60,1;-57,7;-52,3;-53,3;-53,1
18/03/20;-68,1;-65,7;-60,4;-61,4;-61,1
19/03/20;-73,7;-71,7;-66,3;-67,3;-67,1
20/03/20;-77,7;-76,1;-71,3;-72,0;-71,9
21/03/20;-78,9;-77,6;-73,3;-73,9;-73,7
22/03/20;-79,3;-78,0;-74,0;-74,6;-74,4
23/03/20;-79,6;-78,3;-74,6;-75,0;-74,9
24/03/20;-79,7;-78,6;-75,0;-75,4;-75,1
25/03/20;-80,0;-78,9;-75,4;-75,6;-75,4
26/03/20;-80,4;-79,3;-76,0;-76,0;-76,0
27/03/20;-80,6;-79,4;-76,3;-76,1;-76,1
28/03/20;-80,7;-79,6;-76,3;-76,1;-76,3
29/03/20;-80,7;-79,6;-76,3;-76,0;-76,1
30/03/20;-80,7;-79,7;-76,3;-76,0;-76,1
31/03/20;-80,7;-79,6;-76,1;-76,0;-76,1
01/04/20;-80,6;-79,3;-75,9;-75,9;-76,0
02/04/20;-80,0;-79,0;-75,4;-75,4;-75,4
03/04/20;-80,0;-79,0;-75,3;-75,4;-75,4
04/04/20;-79,9;-78,9;-75,1;-75,4;-75,3
05/04/20;-79,9;-78,7;-75,0;-75,3;-75,3
06/04/20;-79,9;-78,6;-74,9;-75,1;-75,3
07/04/20;-79,9;-78,6;-74,9;-75,0;-75,1
08/04/20;-79,6;-78,4;-74,7;-74,9;-74,9
09/04/20;-79,4;-78,0;-74,6;-74,6;-74,7
10/04/20;-80,3;-79,0;-76,0;-76,0;-76,1
11/04/20;-80,1;-78,9;-75,7;-75,7;-75,9
12/04/20;-80,0;-78,7;-75,4;-75,6;-75,6
13/04/20;-79,9;-78,6;-75,0;-75,3;-75,3
14/04/20;-79,6;-78,3;-74,6;-75,0;-75,1
15/04/20;-79,3;-77,7;-74,1;-74,4;-74,7
16/04/20;-78,9;-77,1;-73,6;-74,0;-74,1
17/04/20;-77,7;-75,7;-71,6;-72,0;-72,3
18/04/20;-77,6;-75,4;-71,1;-71,7;-72,0
19/04/20;-77,3;-75,1;-70,7;-71,3;-71,6
20/04/20;-77,0;-74,9;-70,3;-71,0;-71,1
21/04/20;-76,9;-74,7;-70,0;-70,7;-70,7
22/04/20;-76,6;-74,3;-69,6;-70,4;-70,3
23/04/20;-76,3;-73,7;-69,1;-69,9;-69,9
24/04/20;-76,0;-73,4;-68,7;-69,6;-69,4
25/04/20;-75,9;-73,3;-68,6;-69,3;-69,1
26/04/20;-75,7;-73,1;-68,3;-69,0;-69,0
27/04/20;-75,6;-72,9;-68,1;-68,7;-68,7
28/04/20;-76,9;-74,4;-70,1;-70,9;-70,9
29/04/20;-76,6;-74,0;-69,7;-70,4;-70,4
30/04/20;-76,4;-73,9;-69,4;-70,3;-70,1
01/05/20;-76,1;-73,6;-68,9;-69,9;-69,7
02/05/20;-75,9;-73,3;-68,3;-69,4;-69,3
03/05/20;-75,4;-72,9;-67,6;-68,9;-68,7
04/05/20;-75,0;-72,4;-66,7;-68,3;-68,3
05/05/20;-74,6;-72,0;-66,0;-67,6;-67,7
06/05/20;-74,1;-71,4;-65,3;-67,0;-67,1
07/05/20;-73,4;-70,4;-64,4;-66,1;-66,3
08/05/20;-72,1;-68,9;-62,9;-64,6;-64,7
09/05/20;-70,6;-67,1;-61,0;-62,9;-63,0
10/05/20;-69,3;-65,6;-59,4;-61,3;-61,4
11/05/20;-67,9;-64,0;-57,9;-59,7;-59,9
12/05/20;-65,0;-60,6;-53,7;-55,7;-55,9
13/05/20;-62,4;-57,7;-51,7;-53,4;-53,4
14/05/20;-59,7;-54,6;-49,9;-50,9;-50,7
15/05/20;-59,1;-54,0;-49,1;-50,1;-50,1
16/05/20;-58,6;-53,6;-48,6;-49,6;-49,7
17/05/20;-58,0;-53,1;-48,0;-49,1;-49,3
18/05/20;-60,3;-55,9;-51,1;-52,4;-52,4
19/05/20;-60,7;-56,7;-52,0;-53,3;-53,4
20/05/20;-59,9;-56,1;-51,3;-52,6;-52,7
21/05/20;-58,9;-54,9;-50,1;-51,6;-51,7
22/05/20;-58,7;-54,7;-49,9;-51,4;-51,6
23/05/20;-58,3;-54,1;-49,3;-50,9;-51,0
24/05/20;-57,7;-53,6;-48,6;-50,1;-50,3
25/05/20;-54,6;-49,9;-44,3;-45,7;-46,0
26/05/20;-53,3;-48,0;-42,3;-43,9;-44,0
27/05/20;-51,1;-45,4;-40,1;-41,6;-41,7
28/05/20;-48,9;-42,9;-38,0;-39,3;-39,4
29/05/20;-50,6;-45,1;-40,6;-42,0;-42,1
30/05/20;-49,7;-44,3;-39,7;-41,3;-41,3
31/05/20;-49,0;-43,4;-38,9;-40,6;-40,6
01/06/20;-48,4;-42,9;-38,3;-40,0;-40,0
02/06/20;-47,7;-42,1;-37,6;-39,3;-39,3
03/06/20;-47,4;-41,9;-37,4;-39,1;-39,1
04/06/20;-46,9;-41,3;-37,0;-38,4;-38,4
05/06/20;-44,0;-37,7;-33,0;-34,4;-34,3
06/06/20;-43,9;-37,6;-32,6;-34,1;-34,0
07/06/20;-43,7;-37,4;-32,3;-33,9;-33,7
08/06/20;-43,3;-37,0;-31,7;-33,4;-33,3
09/06/20;-43,0;-36,9;-31,4;-33,1;-33,0
10/06/20;-42,3;-36,0;-30,6;-32,4;-32,1
11/06/20;-41,7;-35,6;-30,1;-32,4;-31,9
12/06/20;-41,3;-35,1;-29,7;-32,0;-31,6
13/06/20;-40,9;-34,6;-29,4;-31,6;-31,1
14/06/20;-40,4;-34,0;-29,1;-31,3;-30,7
15/06/20;-40,0;-33,6;-28,9;-31,0;-30,4
16/06/20;-39,6;-33,1;-28,6;-30,7;-30,1
17/06/20;-39,1;-32,7;-28,3;-30,4;-29,9
18/06/20;-38,6;-32,3;-27,9;-29,6;-29,3
19/06/20;-38,4;-32,1;-28,0;-29,6;-29,1
20/06/20;-38,3;-32,0;-28,0;-29,6;-29,1
21/06/20;-37,7;-31,6;-27,6;-29,0;-28,7
22/06/20;-37,1;-31,0;-27,1;-28,4;-28,1
23/06/20;-36,7;-30,4;-26,6;-27,9;-27,6
24/06/20;-37,4;-31,4;-27,3;-28,4;-28,3
25/06/20;-37,1;-30,9;-27,0;-28,3;-28,0
26/06/20;-36,1;-30,0;-26,1;-27,4;-27,1
27/06/20;-35,3;-29,1;-25,3;-26,4;-26,3
28/06/20;-34,9;-28,7;-25,1;-26,1;-26,0
29/06/20;-34,4;-28,3;-24,9;-25,7;-25,6
30/06/20;-34,0;-27,9;-24,7;-25,3;-25,3
01/07/20;-33,9;-27,7;-24,4;-25,1;-25,3
02/07/20;-35,0;-29,3;-25,1;-26,3;-26,6
03/07/20;-35,3;-29,6;-25,7;-26,9;-27,1
04/07/20;-35,6;-29,9;-26,4;-27,6;-27,7
05/07/20;-35,3;-29,7;-26,4;-27,6;-27,7
06/07/20;-35,3;-29,9;-26,7;-28,0;-28,1
07/07/20;-35,4;-30,3;-27,1;-28,6;-28,7
08/07/20;-35,1;-30,4;-27,3;-28,7;-28,9
09/07/20;-34,6;-30,1;-27,0;-28,3;-28,6
10/07/20;-36,9;-32,7;-28,9;-30,6;-31,0
11/07/20;-41,7;-38,3;-34,3;-36,1;-36,7
12/07/20;-42,0;-38,4;-34,6;-36,4;-37,0
13/07/20;-42,0;-38,4;-34,9;-36,6;-37,1
14/07/20;-41,9;-38,3;-35,0;-36,6;-37,1
15/07/20;-41,7;-38,0;-34,9;-36,4;-36,9
16/07/20;-41,1;-37,3;-34,7;-36,0;-36,3
17/07/20;-38,3;-34,3;-32,7;-33,4;-34,1
18/07/20;-32,9;-28,4;-27,1;-27,7;-28,9
19/07/20;-32,4;-28,1;-27,0;-27,6;-28,7
20/07/20;-32,3;-28,0;-27,0;-27,6;-28,7
21/07/20;-32,3;-28,0;-27,0;-27,7;-28,7
22/07/20;-32,9;-28,7;-27,4;-28,1;-29,3
23/07/20;-33,1;-29,3;-27,7;-28,3;-29,7
24/07/20;-34,0;-30,3;-28,4;-29,1;-30,1
25/07/20;-34,7;-31,0;-29,0;-29,7;-30,3
26/07/20;-35,4;-31,7;-29,6;-30,3;-30,9
27/07/20;-36,1;-32,6;-30,1;-31,0;-31,6
28/07/20;-37,1;-33,9;-31,6;-32,1;-32,7
29/07/20;-37,7;-34,7;-32,6;-33,0;-33,6
30/07/20;-38,4;-35,6;-33,1;-34,0;-34,3
31/07/20;-39,6;-36,9;-34,1;-34,9;-35,3
01/08/20;-40,9;-38,4;-35,3;-36,0;-36,6
02/08/20;-42,1;-40,0;-36,3;-37,1;-37,9
03/08/20;-43,4;-41,4;-37,3;-38,1;-39,0
04/08/20;-44,4;-42,4;-37,6;-38,9;-39,9
05/08/20;-45,3;-43,6;-38,0;-39,7;-40,7
06/08/20;-46,1;-44,6;-38,7;-40,4;-41,6
07/08/20;-47,0;-45,3;-39,4;-41,3;-42,4
08/08/20;-47,9;-46,1;-40,3;-42,1;-43,3
09/08/20;-48,7;-46,9;-41,0;-43,0;-44,1
10/08/20;-49,4;-47,6;-41,6;-43,7;-44,9
11/08/20;-50,0;-48,1;-42,1;-44,4;-45,4
12/08/20;-51,1;-49,6;-43,4;-46,0;-46,9
13/08/20;-51,3;-49,6;-43,4;-46,3;-47,0
14/08/20;-51,0;-49,4;-43,4;-46,3;-46,9
15/08/20;-50,4;-48,7;-42,9;-45,7;-46,1
16/08/20;-50,0;-48,3;-42,7;-45,4;-45,7
17/08/20;-49,4;-47,9;-42,4;-45,1;-45,3
18/08/20;-48,9;-47,4;-42,0;-44,6;-44,9
19/08/20;-47,6;-46,0;-40,6;-43,0;-43,3
20/08/20;-46,9;-45,6;-40,1;-42,3;-42,7
21/08/20;-45,7;-44,3;-39,1;-41,1;-41,4
22/08/20;-44,7;-43,1;-38,4;-40,3;-40,6
23/08/20;-43,3;-41,7;-37,3;-39,0;-39,3
24/08/20;-42,0;-40,3;-36,3;-37,7;-38,0
25/08/20;-40,9;-38,9;-35,4;-36,6;-36,7
26/08/20;-41,1;-39,1;-35,4;-36,6;-36,9
27/08/20;-42,4;-40,9;-35,9;-37,9;-38,0
28/08/20;-41,4;-39,7;-35,0;-36,7;-37,0
29/08/20;-40,4;-38,7;-34,1;-35,7;-36,0
30/08/20;-39,6;-37,7;-33,4;-34,7;-35,0
31/08/20;-38,6;-36,6;-32,4;-33,6;-33,9
01/09/20;-37,4;-35,3;-31,3;-32,3;-32,6
02/09/20;-37,4;-34,9;-30,9;-31,7;-32,1
03/09/20;-37,9;-35,1;-31,0;-31,4;-32,1
04/09/20;-37,4;-34,7;-30,6;-31,0;-31,7
05/09/20;-37,1;-34,3;-30,1;-30,6;-31,3
06/09/20;-36,9;-34,1;-29,7;-30,4;-31,0
07/09/20;-36,6;-33,9;-29,4;-30,1;-30,7
08/09/20;-36,4;-33,7;-29,1;-30,0;-30,6
09/09/20;-36,1;-33,7;-29,0;-29,9;-30,3
10/09/20;-35,9;-33,9;-28,9;-30,3;-30,3
11/09/20;-34,9;-32,9;-27,7;-29,1;-29,1
12/09/20;-33,9;-32,0;-26,6;-28,1;-28,0
13/09/20;-33,1;-31,3;-26,0;-27,4;-27,3
14/09/20;-32,6;-30,7;-25,4;-26,9;-26,7
15/09/20;-32,0;-30,1;-24,9;-26,1;-26,0
16/09/20;-31,9;-30,1;-24,9;-26,0;-26,0
17/09/20;-31,9;-30,3;-25,0;-26,1;-26,1
18/09/20;-32,0;-30,3;-25,0;-26,1;-26,1
19/09/20;-32,0;-30,1;-25,0;-26,0;-26,0
20/09/20;-31,7;-29,9;-24,7;-25,6;-25,6
21/09/20;-31,4;-29,4;-24,1;-25,0;-25,0
22/09/20;-31,1;-29,1;-23,9;-24,6;-24,7
23/09/20;-31,0;-28,9;-23,6;-24,4;-24,4
24/09/20;-32,1;-29,9;-24,4;-25,4;-25,3
25/09/20;-32,1;-29,7;-24,3;-25,1;-25,0
26/09/20;-31,9;-29,4;-23,9;-24,7;-24,6
27/09/20;-31,7;-29,3;-23,7;-24,6;-24,4
28/09/20;-31,3;-28,9;-23,3;-24,1;-24,0
29/09/20;-31,0;-28,6;-22,9;-23,9;-23,6
30/09/20;-30,9;-28,4;-22,9;-23,9;-23,6
01/10/20;-30,7;-28,3;-22,7;-23,4;-23,4
02/10/20;-30,3;-28,0;-22,4;-23,1;-23,1
03/10/20;-30,3;-28,0;-22,6;-23,1;-23,1
04/10/20;-30,3;-27,9;-22,4;-23,0;-23,0
05/10/20;-30,4;-28,1;-22,6;-23,1;-23,1
06/10/20;-30,6;-28,3;-22,7;-23,3;-23,3
07/10/20;-30,4;-28,4;-22,7;-23,1;-23,1
08/10/20;-30,4;-28,4;-22,7;-23,3;-23,1
09/10/20;-30,4;-28,4;-22,7;-23,3;-23,1
10/10/20;-30,4;-28,4;-22,7;-23,3;-23,1
11/10/20;-30,3;-28,4;-22,6;-23,1;-23,1
12/10/20;-30,1;-28,3;-22,4;-23,0;-23,0
13/10/20;-30,0;-28,1;-22,3;-22,7;-22,9
14/10/20;-30,4;-28,4;-22,9;-23,1;-23,4
15/10/20;-30,1;-28,1;-23,0;-23,1;-23,4
16/10/20;-31,3;-29,6;-24,6;-24,7;-25,1
17/10/20;-32,4;-31,0;-26,1;-26,4;-27,0
18/10/20;-33,6;-32,3;-27,6;-28,0;-28,6
19/10/20;-35,0;-33,9;-29,3;-29,9;-30,6
20/10/20;-36,4;-35,6;-31,1;-31,9;-32,6
21/10/20;-36,7;-35,9;-31,4;-32,4;-33,0
22/10/20;-36,6;-35,7;-31,6;-32,4;-33,1
23/10/20;-36,9;-36,1;-31,9;-32,9;-33,6
24/10/20;-37,1;-36,6;-32,1;-33,1;-34,0
25/10/20;-37,4;-36,9;-32,3;-33,4;-34,3
26/10/20;-37,4;-37,1;-32,4;-33,6;-34,4
27/10/20;-40,0;-39,4;-34,1;-35,6;-36,4
28/10/20;-42,9;-42,3;-36,6;-38,0;-39,0
29/10/20;-46,0;-45,6;-39,4;-41,0;-42,0
30/10/20;-47,6;-46,6;-39,4;-41,3;-42,1
31/10/20;-49,3;-47,7;-39,6;-41,7;-42,3
01/11/20;-51,0;-49,1;-40,1;-42,4;-43,0
02/11/20;-52,7;-50,1;-40,4;-42,9;-43,3
03/11/20;-51,4;-48,7;-38,9;-41,1;-41,4
04/11/20;-50,7;-48,0;-38,3;-40,4;-40,7
05/11/20;-50,6;-47,9;-38,0;-40,3;-40,6
06/11/20;-50,3;-47,7;-38,0;-40,1;-40,6
07/11/20;-50,1;-47,7;-38,1;-40,1;-40,9
08/11/20;-54,6;-52,7;-43,9;-46,0;-46,7
09/11/20;-54,4;-52,7;-43,9;-46,1;-46,9
10/11/20;-54,3;-52,7;-43,9;-46,3;-47,0
11/11/20;-53,7;-52,3;-43,7;-46,1;-46,7
12/11/20;-53,9;-52,4;-44,0;-46,3;-46,9
13/11/20;-53,6;-52,1;-43,7;-46,1;-46,6
14/11/20;-53,1;-51,7;-43,3;-45,7;-46,0
15/11/20;-48,4;-46,4;-37,4;-39,6;-39,9
16/11/20;-48,1;-46,1;-37,1;-39,1;-39,4
17/11/20;-47,7;-45,7;-36,9;-38,7;-39,0
18/11/20;-47,4;-45,4;-36,6;-38,3;-38,7
19/11/20;-46,4;-44,6;-36,0;-37,6;-38,0
20/11/20;-46,3;-44,4;-35,9;-37,3;-37,9
21/11/20;-46,1;-44,1;-35,6;-37,0;-37,7
22/11/20;-45,9;-43,9;-35,3;-36,9;-37,6
23/11/20;-45,4;-43,6;-35,0;-36,6;-37,3
24/11/20;-45,1;-43,3;-34,6;-36,3;-37,0
25/11/20;-43,9;-41,7;-33,3;-34,9;-35,6
26/11/20;-42,7;-40,3;-32,0;-33,3;-34,1
27/11/20;-42,3;-39,9;-31,4;-32,9;-33,7
28/11/20;-41,7;-39,4;-31,0;-32,4;-33,1
29/11/20;-41,3;-39,0;-30,4;-31,9;-32,6
30/11/20;-41,0;-38,6;-30,1;-31,6;-32,3
01/12/20;-40,7;-38,3;-29,9;-31,1;-32,0
02/12/20;-40,9;-38,4;-29,9;-31,0;-32,0
03/12/20;-40,6;-37,9;-29,4;-30,6;-31,4
04/12/20;-40,6;-37,9;-29,4;-30,6;-31,4
05/12/20;-40,4;-37,6;-29,0;-30,3;-31,3
06/12/20;-40,3;-37,6;-29,0;-30,3;-31,3
07/12/20;-40,1;-37,4;-28,6;-30,0;-31,1
08/12/20;-40,1;-37,4;-28,4;-30,0;-31,1
09/12/20;-40,3;-37,1;-28,3;-30,0;-31,0
10/12/20;-40,6;-37,3;-28,1;-29,9;-31,0
11/12/20;-40,4;-37,1;-28,0;-29,7;-30,9
12/12/20;-40,4;-37,1;-28,1;-29,7;-30,9
13/12/20;-40,3;-36,9;-28,0;-29,4;-30,6
14/12/20;-40,1;-36,7;-28,1;-29,4;-30,4
15/12/20;-40,1;-36,7;-28,3;-29,6;-30,4
16/12/20;-40,1;-36,9;-28,4;-29,7;-30,6
17/12/20;-39,1;-35,7;-28,0;-28,9;-29,7
18/12/20;-41,3;-38,0;-30,4;-31,4;-32,1
19/12/20;-43,6;-40,4;-32,9;-34,1;-34,7
20/12/20;-46,1;-43,0;-35,1;-36,7;-37,4
21/12/20;-50,1;-47,1;-39,0;-41,0;-41,9
22/12/20;-56,1;-53,7;-46,7;-48,7;-49,4
23/12/20;-57,6;-55,4;-48,4;-50,7;-51,4
24/12/20;-58,9;-56,9;-49,6;-52,0;-52,9
25/12/20;-60,1;-58,4;-51,0;-53,4;-54,6
26/12/20;-61,3;-59,9;-52,3;-54,9;-56,1
27/12/20;-62,0;-60,7;-53,3;-55,9;-57,1
28/12/20;-62,1;-61,0;-53,6;-56,1;-57,4
04/01/21;-48,0;-44,9;-38,7;-40,0;-40,6
05/01/21;-41,9;-38,0;-30,9;-32,0;-32,7
06/01/21;-40,3;-35,9;-29,0;-29,6;-30,6
07/01/21;-40,1;-35,9;-28,7;-29,1;-30,1
08/01/21;-39,9;-35,6;-28,4;-28,9;-29,9
09/01/21;-39,7;-35,4;-28,4;-28,6;-29,7
10/01/21;-39,7;-35,4;-28,4;-28,6;-29,7
11/01/21;-39,9;-35,6;-28,6;-28,7;-29,9
12/01/21;-40,1;-36,0;-29,0;-29,1;-30,3
13/01/21;-41,1;-37,3;-30,1;-30,3;-31,4
14/01/21;-41,7;-37,7;-30,7;-31,0;-32,1
15/01/21;-42,1;-38,1;-31,1;-31,4;-32,6
16/01/21;-42,4;-38,6;-31,4;-31,9;-33,0
17/01/21;-42,6;-38,9;-31,6;-32,0;-33,3
18/01/21;-42,6;-39,0;-31,6;-32,1;-33,3
19/01/21;-42,6;-38,9;-31,3;-32,0;-33,1
20/01/21;-42,0;-38,1;-30,7;-31,6;-32,4
21/01/21;-41,9;-37,7;-30,7;-31,4;-32,1
22/01/21;-41,7;-37,6;-30,6;-31,4;-32,0
23/01/21;-41,7;-37,4;-30,6;-31,6;-31,9
24/01/21;-41,7;-37,3;-30,6;-31,7;-31,7
25/01/21;-41,7;-37,1;-30,6;-31,7;-31,7
26/01/21;-41,6;-37,1;-30,6;-31,7;-31,7
27/01/21;-41,4;-36,7;-30,4;-31,3;-31,6
28/01/21;-41,3;-36,4;-30,1;-30,9;-31,4
29/01/21;-41,3;-36,4;-30,1;-30,9;-31,4
30/01/21;-41,1;-36,4;-30,0;-30,6;-31,4
31/01/21;-41,0;-36,4;-30,0;-30,4;-31,4
01/02/21;-41,0;-36,4;-30,0;-30,4;-31,4
02/02/21;-41,0;-36,4;-30,1;-30,4;-31,4
03/02/21;-41,1;-36,9;-30,3;-30,9;-31,6
04/02/21;-41,4;-37,4;-30,6;-31,3;-31,9
05/02/21;-41,4;-37,6;-30,7;-31,3;-31,9
06/02/21;-41,4;-37,6;-30,9;-31,3;-31,9
07/02/21;-41,7;-38,3;-31,6;-32,1;-32,9
08/02/21;-41,7;-38,4;-31,7;-32,1;-33,0
09/02/21;-41,7;-38,6;-31,9;-32,1;-33,1
10/02/21;-41,7;-38,7;-32,0;-32,3;-33,4
11/02/21;-40,7;-37,9;-31,7;-31,7;-32,9
12/02/21;-41,7;-39,3;-33,1;-33,3;-34,4
13/02/21;-42,7;-40,6;-34,4;-34,9;-36,0
14/02/21;-43,3;-41,1;-34,9;-35,1;-36,3
15/02/21;-44,3;-42,6;-36,4;-36,7;-37,9
16/02/21;-45,6;-44,0;-37,9;-38,3;-39,4
17/02/21;-45,1;-44,3;-37,7;-38,3;-39,6
18/02/21;-44,4;-43,7;-37,1;-37,9;-39,1
19/02/21;-44,6;-43,9;-37,1;-38,0;-39,4
20/02/21;-44,6;-44,1;-37,3;-38,0;-39,6
21/02/21;-44,6;-44,1;-37,3;-38,1;-39,7
22/02/21;-44,6;-44,1;-37,3;-38,1;-39,7
23/02/21;-44,7;-44,3;-37,4;-38,3;-39,9
24/02/21;-44,7;-44,0;-37,3;-38,0;-39,6
25/02/21;-44,7;-44,1;-37,3;-38,0;-39,4
26/02/21;-43,0;-42,1;-35,4;-35,9;-37,3
27/02/21;-41,4;-40,1;-33,6;-33,9;-35,1
28/02/21;-40,1;-38,6;-32,1;-32,1;-33,4
01/03/21;-38,6;-36,9;-30,3;-30,1;-31,4
02/03/21;-36,9;-35,0;-28,4;-28,0;-29,3
03/03/21;-36,3;-34,4;-28,1;-27,3;-28,6
04/03/21;-36,4;-34,6;-27,9;-27,0;-28,4
05/03/21;-36,6;-34,7;-27,9;-27,1;-28,4
06/03/21;-36,7;-34,9;-27,9;-27,1;-28,4
07/03/21;-36,7;-34,9;-27,9;-27,3;-28,4
08/03/21;-36,7;-34,9;-27,9;-27,3;-28,4
09/03/21;-36,7;-34,9;-27,9;-27,3;-28,6
10/03/21;-37,0;-35,1;-28,0;-27,7;-28,9
11/03/21;-37,3;-35,3;-28,3;-28,1;-29,1
12/03/21;-37,1;-35,3;-28,3;-28,0;-29,1
13/03/21;-37,0;-35,3;-28,4;-28,1;-29,3
14/03/21;-36,9;-35,3;-28,4;-28,0;-29,3
15/03/21;-36,9;-35,1;-28,3;-27,9;-29,1
16/03/21;-36,7;-35,0;-28,1;-27,7;-29,0
17/03/21;-37,0;-35,3;-28,4;-28,0;-29,4
18/03/21;-37,3;-35,7;-28,9;-28,4;-30,0
19/03/21;-37,7;-36,0;-29,1;-28,7;-30,3
20/03/21;-38,1;-36,3;-29,3;-28,9;-30,4
21/03/21;-38,6;-36,7;-29,6;-29,1;-30,7
22/03/21;-39,0;-37,1;-30,0;-29,6;-31,3
23/03/21;-39,6;-37,6;-30,4;-30,1;-31,7
24/03/21;-39,4;-37,3;-30,1;-29,9;-31,4
25/03/21;-38,9;-36,6;-29,9;-29,4;-30,9
26/03/21;-39,0;-36,6;-29,9;-29,6;-30,9
27/03/21;-39,0;-36,6;-30,0;-29,7;-31,0
28/03/21;-39,1;-36,6;-30,1;-29,9;-31,1
29/03/21;-39,1;-36,6;-30,1;-29,9;-31,0
30/03/21;-39,3;-36,7;-30,1;-29,9;-31,1
31/03/21;-39,3;-36,9;-30,3;-30,3;-31,4
01/04/21;-38,4;-36,3;-30,0;-29,7;-31,0
02/04/21;-43,6;-42,1;-36,7;-36,4;-37,7
03/04/21;-45,0;-43,7;-38,3;-38,1;-39,4
04/04/21;-46,3;-45,1;-39,6;-39,6;-40,9
05/04/21;-47,6;-46,7;-41,1;-41,3;-42,6
06/04/21;-48,6;-48,0;-42,7;-42,9;-44,0
07/04/21;-49,0;-48,6;-43,1;-43,1;-44,3
08/04/21;-50,0;-49,3;-43,7;-44,1;-45,1
09/04/21;-46,0;-45,0;-38,7;-39,1;-40,1
10/04/21;-45,9;-45,0;-38,9;-39,3;-40,1
11/04/21;-45,7;-45,0;-39,1;-39,4;-40,1
12/04/21;-45,7;-45,0;-39,3;-39,6;-40,3
13/04/21;-45,7;-45,1;-39,6;-39,7;-40,6
14/04/21;-45,0;-44,4;-39,3;-39,4;-40,1
15/04/21;-43,6;-43,3;-38,9;-38,7;-39,3
16/04/21;-43,7;-43,6;-39,1;-39,0;-39,7
17/04/21;-43,9;-43,9;-39,3;-39,1;-40,0
18/04/21;-44,0;-44,0;-39,3;-39,4;-40,3
19/04/21;-44,1;-44,1;-39,4;-39,7;-40,6
20/04/21;-44,3;-44,4;-39,4;-40,0;-40,7
21/04/21;-44,3;-44,6;-39,3;-40,0;-40,7
22/04/21;-44,7;-45,0;-39,3;-39,9;-40,7
23/04/21;-44,1;-44,1;-38,4;-38,9;-39,7
24/04/21;-43,4;-43,1;-37,6;-37,9;-38,7
25/04/21;-42,7;-42,4;-37,0;-37,0;-37,9
26/04/21;-42,0;-41,6;-36,1;-36,0;-36,9
27/04/21;-41,3;-40,6;-35,1;-35,0;-35,9
28/04/21;-44,4;-44,1;-38,3;-38,6;-39,4
29/04/21;-45,0;-44,6;-38,0;-38,4;-39,3
30/04/21;-44,0;-43,6;-37,0;-37,3;-38,1
01/05/21;-43,1;-42,7;-36,0;-36,0;-37,0
02/05/21;-42,4;-41,9;-35,0;-34,9;-36,0
03/05/21;-41,7;-41,0;-34,1;-33,7;-34,9
04/05/21;-40,9;-40,0;-33,1;-32,4;-33,6
05/05/21;-39,4;-38,3;-31,0;-30,3;-31,6
06/05/21;-39,6;-38,3;-30,9;-30,3;-31,6
07/05/21;-39,7;-38,3;-30,9;-30,3;-31,6
08/05/21;-39,7;-38,3;-30,9;-30,4;-31,7
09/05/21;-40,0;-38,7;-31,1;-30,7;-32,1
10/05/21;-45,3;-44,4;-37,3;-37,3;-38,6
11/05/21;-48,7;-48,3;-40,9;-41,4;-42,7
12/05/21;-48,3;-48,0;-40,3;-40,7;-42,0
13/05/21;-48,0;-48,1;-40,3;-40,7;-42,0
14/05/21;-48,1;-48,3;-40,1;-40,7;-42,0
15/05/21;-48,0;-48,3;-40,0;-40,6;-41,7
16/05/21;-47,4;-47,6;-39,3;-39,9;-40,9
17/05/21;-41,7;-41,6;-32,6;-32,7;-34,0
18/05/21;-38,0;-37,6;-28,6;-28,1;-29,7
19/05/21;-35,7;-35,3;-26,9;-26,0;-27,6
20/05/21;-34,4;-34,1;-25,9;-24,9;-26,4
21/05/21;-38,7;-39,0;-31,1;-30,7;-32,0
22/05/21;-38,4;-38,6;-30,7;-30,3;-31,7
23/05/21;-38,3;-38,4;-30,6;-30,1;-31,6
24/05/21;-37,9;-38,3;-30,3;-29,7;-31,3
25/05/21;-37,4;-38,0;-29,9;-29,1;-30,7
26/05/21;-36,4;-37,3;-29,3;-28,3;-29,9
27/05/21;-35,6;-36,4;-28,6;-27,4;-28,7
28/05/21;-30,4;-30,9;-22,4;-20,6;-22,3
29/05/21;-30,0;-30,6;-22,0;-19,9;-21,7
30/05/21;-29,6;-30,3;-21,7;-19,3;-21,3
31/05/21;-29,4;-30,0;-21,4;-19,0;-20,9
01/06/21;-29,4;-29,9;-21,3;-18,7;-20,7
02/06/21;-29,3;-29,7;-21,1;-18,4;-20,6
03/06/21;-29,1;-29,7;-21,1;-18,3;-20,7
04/06/21;-29,0;-29,6;-21,0;-18,0;-20,4
05/06/21;-28,7;-29,4;-20,7;-17,9;-20,3
06/06/21;-28,4;-29,3;-20,4;-17,7;-20,1
07/06/21;-28,1;-29,1;-20,3;-17,6;-20,1
08/06/21;-28,0;-29,1;-20,3;-17,6;-20,1
09/06/21;-28,0;-29,1;-20,3;-17,6;-20,1
10/06/21;-27,7;-29,1;-20,1;-17,4;-20,0
11/06/21;-27,7;-29,1;-20,3;-17,7;-20,3
12/06/21;-27,7;-29,1;-20,4;-17,9;-20,3
13/06/21;-27,9;-29,3;-20,7;-18,0;-20,4
14/06/21;-27,9;-29,1;-20,9;-18,0;-20,3
15/06/21;-27,9;-29,1;-21,0;-18,1;-20,4
16/06/21;-28,0;-29,6;-21,3;-18,3;-20,7
17/06/21;-27,7;-28,9;-21,0;-17,9;-20,1
18/06/21;-27,7;-28,9;-21,1;-18,0;-20,1
19/06/21;-28,0;-29,0;-21,4;-18,3;-20,4
20/06/21;-27,9;-28,9;-21,4;-18,3;-20,4
21/06/21;-27,9;-29,0;-21,6;-18,6;-20,7
22/06/21;-28,0;-29,1;-21,7;-18,9;-20,9
23/06/21;-27,7;-28,9;-21,4;-18,9;-20,6
24/06/21;-27,4;-29,0;-21,3;-18,7;-20,7
25/06/21;-27,4;-29,1;-21,3;-18,7;-20,9
26/06/21;-27,3;-29,1;-21,3;-18,7;-20,9
27/06/21;-27,3;-29,1;-21,4;-18,9;-21,0
28/06/21;-27,3;-29,1;-21,6;-18,9;-21,1
29/06/21;-27,3;-29,0;-21,6;-18,7;-21,1
30/06/21;-27,3;-29,1;-21,6;-18,7;-21,3
01/07/21;-27,7;-29,9;-22,0;-19,4;-22,0
02/07/21;-27,7;-29,7;-22,1;-19,4;-22,1
03/07/21;-27,6;-29,6;-22,1;-19,4;-22,1
04/07/21;-27,7;-29,7;-22,3;-19,7;-22,3
05/07/21;-28,0;-30,1;-22,9;-20,4;-22,9
06/07/21;-28,4;-30,7;-23,6;-21,3;-23,6
07/07/21;-28,9;-31,1;-23,9;-21,9;-24,1
08/07/21;-28,7;-31,3;-23,9;-21,9;-24,1
09/07/21;-29,7;-32,3;-25,1;-23,3;-25,4
10/07/21;-31,0;-33,6;-26,6;-24,9;-27,0
11/07/21;-37,1;-40,0;-32,9;-32,0;-34,0
12/07/21;-38,3;-41,0;-33,7;-33,0;-35,1
13/07/21;-39,1;-42,0;-34,6;-34,0;-36,1
14/07/21;-39,1;-42,1;-34,6;-34,1;-36,3
15/07/21;-38,9;-41,7;-34,3;-34,1;-36,1
16/07/21;-38,9;-41,9;-34,3;-34,3;-36,3
17/07/21;-38,6;-41,9;-35,0;-34,4;-36,4
18/07/21;-33,0;-36,0;-29,6;-28,1;-30,3
19/07/21;-32,4;-35,6;-29,4;-27,9;-30,0
20/07/21;-32,1;-35,3;-29,3;-27,7;-29,9
21/07/21;-32,0;-35,1;-29,3;-27,9;-29,7
22/07/21;-32,1;-35,3;-29,6;-27,9;-29,7
23/07/21;-32,6;-35,6;-29,9;-28,1;-30,0
24/07/21;-32,9;-35,7;-29,3;-28,1;-30,0
25/07/21;-33,3;-36,1;-29,4;-28,4;-30,3
26/07/21;-33,9;-36,6;-29,6;-28,9;-30,6
27/07/21;-34,3;-37,1;-29,9;-29,3;-31,0
28/07/21;-34,6;-37,7;-30,3;-29,7;-31,4
29/07/21;-34,7;-38,0;-30,4;-30,0;-31,7
30/07/21;-36,0;-39,6;-31,6;-31,1;-32,9
31/07/21;-37,7;-41,1;-32,7;-32,6;-34,3
01/08/21;-39,4;-42,9;-34,0;-34,0;-35,9
02/08/21;-41,1;-44,6;-35,3;-35,4;-37,3
03/08/21;-42,7;-46,0;-36,6;-36,9;-38,6
04/08/21;-44,3;-47,3;-37,6;-38,0;-39,9
05/08/21;-45,1;-47,9;-38,1;-38,7;-40,6
06/08/21;-45,9;-48,6;-38,7;-39,6;-41,4
07/08/21;-46,6;-49,3;-39,3;-40,3;-42,1
08/08/21;-47,3;-50,0;-39,9;-41,0;-42,9
09/08/21;-48,0;-50,7;-40,6;-41,9;-43,7
10/08/21;-48,6;-51,3;-41,1;-42,6;-44,4
11/08/21;-48,9;-51,4;-41,6;-43,1;-44,7
12/08/21;-49,0;-51,4;-41,7;-43,3;-44,9
13/08/21;-49,0;-51,4;-42,0;-43,4;-44,9
14/08/21;-48,9;-51,4;-42,3;-43,6;-44,9
15/08/21;-48,4;-51,0;-42,0;-43,3;-44,4
16/08/21;-47,9;-50,4;-41,7;-42,9;-44,0
17/08/21;-47,4;-50,0;-41,4;-42,4;-43,6
18/08/21;-46,9;-49,6;-41,3;-41,9;-43,1
19/08/21;-46,3;-48,9;-40,9;-41,3;-42,4
20/08/21;-45,0;-47,4;-39,7;-40,0;-41,1
21/08/21;-43,6;-45,9;-38,6;-38,6;-39,7
22/08/21;-42,3;-44,6;-37,7;-37,4;-38,6
23/08/21;-41,0;-43,3;-36,9;-36,1;-37,3
24/08/21;-39,9;-42,0;-35,9;-34,9;-36,0
25/08/21;-39,3;-41,3;-34,9;-34,0;-35,1
26/08/21;-39,4;-41,9;-34,6;-34,0;-35,1
27/08/21;-38,3;-40,6;-33,4;-32,6;-33,7
28/08/21;-37,0;-39,3;-32,1;-31,1;-32,3
29/08/21;-35,7;-37,7;-30,9;-29,6;-30,7
30/08/21;-34,3;-36,4;-29,7;-28,3;-29,4
31/08/21;-32,7;-34,9;-28,3;-26,6;-27,9
01/09/21;-32,4;-34,6;-27,9;-25,9;-27,4
02/09/21;-32,7;-35,0;-27,7;-25,9;-27,6
03/09/21;-31,9;-34,1;-27,0;-25,0;-26,7
04/09/21;-31,3;-33,4;-26,4;-24,3;-26,1
05/09/21;-31,0;-33,3;-26,3;-24,1;-26,0
06/09/21;-30,6;-32,7;-25,6;-23,4;-25,3
07/09/21;-30,4;-32,4;-25,3;-23,1;-25,0
08/09/21;-30,4;-32,3;-25,1;-23,1;-24,9
09/09/21;-30,7;-32,6;-25,1;-23,6;-25,1
10/09/21;-30,6;-32,4;-25,0;-23,4;-25,0
11/09/21;-30,6;-32,4;-25,0;-23,4;-24,9
12/09/21;-30,6;-32,3;-25,1;-23,4;-24,9
13/09/21;-30,9;-32,4;-25,6;-23,7;-25,0
14/09/21;-30,9;-32,6;-25,9;-23,9;-25,1
15/09/21;-30,9;-32,7;-26,1;-24,0;-25,3
16/09/21;-31,0;-33,1;-26,9;-24,1;-25,6
17/09/21;-30,9;-32,9;-26,7;-23,9;-25,4
18/09/21;-30,3;-32,3;-26,3;-23,1;-24,9
19/09/21;-29,3;-31,3;-25,1;-22,0;-23,7
20/09/21;-28,0;-30,1;-23,9;-20,6;-22,4
21/09/21;-27,1;-29,3;-22,7;-19,4;-21,3
22/09/21;-26,6;-28,9;-22,3;-18,9;-20,9
23/09/21;-26,7;-28,7;-22,1;-19,0;-20,9
24/09/21;-25,9;-28,0;-21,3;-18,1;-20,0
25/09/21;-25,1;-27,4;-20,6;-17,6;-19,4
26/09/21;-25,0;-27,4;-20,7;-17,6;-19,4
27/09/21;-24,7;-27,3;-20,6;-17,4;-19,3
28/09/21;-24,4;-27,1;-20,6;-17,4;-19,3
29/09/21;-24,7;-27,4;-21,0;-17,7;-19,7
30/09/21;-25,4;-28,1;-21,6;-18,1;-20,4
01/10/21;-25,1;-27,9;-21,4;-18,0;-20,1
02/10/21;-25,1;-27,9;-21,7;-18,1;-20,3
03/10/21;-24,7;-27,6;-21,4;-17,7;-20,0
04/10/21;-24,4;-27,3;-21,1;-17,4;-19,9
05/10/21;-24,1;-27,0;-21,0;-17,1;-19,6
06/10/21;-23,9;-26,7;-20,7;-17,0;-19,3
07/10/21;-23,1;-26,3;-20,4;-16,4;-18,7
08/10/21;-22,9;-26,0;-20,3;-16,1;-18,6
09/10/21;-22,1;-25,4;-19,6;-15,4;-17,9
10/10/21;-21,9;-25,1;-19,3;-15,1;-17,7
11/10/21;-21,6;-24,9;-19,1;-15,0;-17,4
12/10/21;-21,3;-24,7;-18,9;-14,9;-17,3
13/10/21;-21,0;-24,4;-18,7;-14,6;-17,0
14/10/21;-21,0;-24,1;-18,6;-14,7;-17,0
15/10/21;-20,9;-24,1;-18,4;-14,7;-16,9
16/10/21;-20,9;-24,0;-18,4;-14,7;-16,9
17/10/21;-20,7;-24,0;-18,4;-14,7;-16,7
18/10/21;-20,6;-24,0;-18,4;-14,7;-16,9
19/10/21;-20,4;-23,7;-18,4;-14,4;-16,7
20/10/21;-20,4;-23,9;-18,6;-14,7;-16,9
21/10/21;-20,1;-23,7;-18,7;-14,6;-16,9
22/10/21;-21,3;-25,0;-20,0;-16,0;-18,4
23/10/21;-22,1;-26,3;-21,1;-17,3;-19,9
24/10/21;-23,0;-27,1;-22,0;-18,4;-21,0
25/10/21;-24,3;-28,4;-23,3;-19,9;-22,4
26/10/21;-25,9;-30,3;-24,9;-21,9;-24,4
27/10/21;-26,6;-31,0;-25,3;-22,6;-25,3
28/10/21;-26,6;-31,0;-25,1;-22,9;-25,4
29/10/21;-33,3;-37,9;-31,6;-30,3;-32,6
30/10/21;-34,0;-38,4;-32,0;-30,9;-33,1
31/10/21;-34,3;-38,7;-32,1;-31,0;-33,3
01/11/21;-34,3;-38,9;-32,3;-31,3;-33,4
02/11/21;-34,0;-38,6;-32,1;-31,0;-33,1
03/11/21;-33,6;-38,1;-31,6;-30,4;-32,6
04/11/21;-33,7;-38,3;-31,4;-30,1;-32,4
05/11/21;-25,4;-29,7;-23,4;-20,9;-23,4
06/11/21;-23,4;-27,6;-21,6;-18,6;-21,1
07/11/21;-22,3;-26,3;-20,4;-17,3;-19,9
08/11/21;-29,1;-33,0;-26,4;-24,4;-26,7
09/11/21;-30,6;-34,4;-27,0;-25,6;-27,9
10/11/21;-30,6;-34,3;-27,0;-25,4;-27,7
11/11/21;-30,7;-34,4;-27,1;-25,4;-27,9
12/11/21;-30,9;-34,6;-27,1;-25,6;-28,0
13/11/21;-30,7;-34,6;-27,0;-25,6;-28,0
14/11/21;-30,3;-34,3;-26,7;-25,1;-27,7
15/11/21;-21,7;-25,7;-18,9;-15,7;-18,9
16/11/21;-18,6;-22,6;-16,6;-12,6;-15,7
17/11/21;-17,7;-21,9;-16,1;-11,9;-15,1
18/11/21;-17,9;-21,7;-16,1;-11,9;-15,1
19/11/21;-17,7;-21,6;-16,1;-11,7;-15,0
20/11/21;-17,7;-21,6;-16,1;-11,7;-15,0
21/11/21;-17,7;-21,6;-16,1;-11,7;-15,0
22/11/21;-17,9;-21,7;-16,3;-12,0;-15,1
23/11/21;-18,1;-21,9;-16,3;-12,3;-15,3
24/11/21;-18,3;-22,3;-16,4;-12,4;-15,4
25/11/21;-18,0;-21,9;-16,3;-12,1;-15,0
26/11/21;-18,0;-22,0;-16,3;-12,3;-15,1
27/11/21;-18,1;-22,1;-16,4;-12,3;-15,1
28/11/21;-18,3;-22,3;-16,6;-12,6;-15,3
29/11/21;-18,3;-22,4;-16,6;-12,6;-15,3
30/11/21;-18,3;-22,6;-16,7;-12,6;-15,4
01/12/21;-18,3;-22,4;-16,9;-12,4;-15,4
02/12/21;-18,1;-22,4;-16,7;-12,1;-15,3
03/12/21;-18,3;-22,6;-16,9;-12,1;-15,4
04/12/21;-18,3;-22,6;-16,9;-12,3;-15,6
05/12/21;-18,1;-22,6;-16,6;-12,0;-15,4
06/12/21;-18,0;-22,4;-16,3;-11,7;-15,3
07/12/21;-17,9;-22,3;-16,0;-11,6;-15,1
08/12/21;-17,1;-21,4;-15,1;-10,9;-14,3
09/12/21;-16,1;-20,7;-14,1;-9,9;-13,4
10/12/21;-16,0;-20,6;-13,9;-9,7;-13,1
11/12/21;-16,1;-20,7;-13,7;-9,7;-13,1
12/12/21;-16,3;-20,9;-13,9;-9,9;-13,3
13/12/21;-16,6;-21,0;-14,1;-10,1;-13,4
14/12/21;-16,9;-21,1;-14,3;-10,3;-13,6
15/12/21;-17,4;-21,9;-14,7;-10,9;-14,1
16/12/21;-17,4;-21,7;-14,9;-11,0;-14,1
17/12/21;-20,3;-24,3;-17,1;-13,7;-16,9
18/12/21;-23,4;-27,0;-19,6;-16,6;-19,7
19/12/21;-27,1;-30,1;-22,0;-19,7;-22,7
20/12/21;-32,1;-34,6;-25,1;-23,9;-26,9
21/12/21;-38,0;-40,0;-29,7;-29,6;-32,3
22/12/21;-46,0;-47,4;-36,4;-38,0;-40,3
23/12/21;-48,7;-49,9;-38,0;-40,4;-42,7
24/12/21;-52,1;-53,3;-40,6;-43,6;-46,0
25/12/21;-55,3;-56,4;-42,9;-46,6;-48,9
26/12/21;-57,6;-58,9;-44,9;-49,0;-51,3
27/12/21;-58,9;-60,3;-46,4;-50,7;-53,0
28/12/21;-59,0;-60,6;-47,1;-51,3;-53,6
4/1/22;-37,3;-40,1;-31,3;-30,7;-32,7
5/1/22;-31,1;-34,0;-25,6;-23,9;-26,1
6/1/22;-30,9;-34,0;-25,7;-24,0;-26,1
7/1/22;-30,3;-33,6;-25,6;-23,7;-25,9
8/1/22;-29,6;-33,3;-25,3;-23,3;-25,6
9/1/22;-29,1;-33,0;-25,0;-23,0;-25,3
10/1/22;-29,0;-33,1;-25,3;-23,1;-25,4
11/1/22;-28,7;-32,9;-25,0;-22,9;-25,1
12/1/22;-28,1;-32,3;-24,6;-22,3;-24,7
13/1/22;-28,0;-32,0;-24,3;-21,9;-24,4
14/1/22;-27,9;-31,9;-23,9;-21,6;-24,3
15/1/22;-27,7;-31,7;-23,6;-21,4;-24,0
16/1/22;-27,6;-31,6;-23,4;-21,1;-23,7
17/1/22;-27,0;-31,0;-22,6;-20,4;-23,1
18/1/22;-26,9;-30,7;-22,1;-20,1;-23,0
19/1/22;-26,9;-30,7;-21,9;-20,0;-22,9
20/1/22;-26,7;-30,7;-21,9;-19,9;-22,9
21/1/22;-26,4;-30,6;-21,6;-19,7;-22,6
22/1/22;-26,1;-30,3;-21,3;-19,4;-22,4
23/1/22;-25,9;-30,0;-21,0;-19,1;-22,3
24/1/22;-25,7;-29,9;-20,9;-19,1;-22,1
25/1/22;-25,4;-29,7;-20,6;-18,9;-21,9
26/1/22;-25,4;-29,6;-20,4;-18,7;-21,9
27/1/22;-25,3;-29,4;-20,1;-18,4;-21,6
28/1/22;-25,1;-29,1;-20,0;-18,1;-21,3
29/1/22;-24,7;-28,7;-19,7;-17,7;-20,9
30/1/22;-24,1;-28,3;-19,3;-17,3;-20,3
31/1/22;-23,4;-27,6;-18,7;-16,4;-19,6
1/2/22;-23,0;-27,1;-18,4;-16,0;-19,1
2/2/22;-22,6;-27,0;-18,4;-15,9;-18,9
3/2/22;-23,0;-27,1;-18,9;-16,3;-19,3
4/2/22;-22,3;-26,4;-18,4;-15,6;-18,7
5/2/22;-21,7;-25,7;-18,0;-15,0;-18,1
6/2/22;-21,1;-25,0;-17,7;-14,6;-17,7
7/2/22;-20,7;-24,6;-17,4;-14,3;-17,3
8/2/22;-20,3;-24,1;-17,3;-14,0;-17,0
9/2/22;-20,3;-23,9;-17,1;-13,9;-16,9
10/2/22;-19,7;-23,1;-16,6;-13,3;-16,3
11/2/22;-19,6;-23,0;-16,3;-13,1;-16,1
12/2/22;-19,3;-22,9;-16,1;-13,0;-16,0
13/2/22;-19,1;-22,7;-16,0;-12,7;-15,9
14/2/22;-18,9;-22,4;-15,7;-12,3;-15,6
15/2/22;-20,4;-23,4;-16,6;-13,3;-16,4
16/2/22;-20,7;-23,9;-16,7;-13,6;-16,7
17/2/22;-20,9;-24,4;-16,9;-13,7;-17,0
18/2/22;-22,1;-26,0;-18,4;-15,4;-18,7
19/2/22;-23,6;-27,4;-19,9;-17,1;-20,3
20/2/22;-24,7;-28,7;-20,9;-18,6;-21,6
21/2/22;-26,3;-30,4;-22,6;-20,7;-23,6
22/2/22;-26,3;-31,1;-23,3;-21,6;-24,6
23/2/22;-26,9;-32,0;-23,7;-22,3;-25,3
24/2/22;-26,7;-31,7;-23,9;-22,3;-25,3
25/2/22;-27,1;-32,1;-24,1;-22,7;-25,7
26/2/22;-27,4;-32,6;-24,4;-23,0;-26,1
27/2/22;-27,9;-32,9;-24,9;-23,3;-26,6
28/2/22;-28,1;-33,1;-25,0;-23,4;-26,9
1/3/22;-28,3;-33,1;-25,0;-23,6;-27,0
2/3/22;-28,3;-32,9;-24,9;-23,4;-26,9
3/3/22;-28,1;-32,6;-24,3;-23,1;-26,4
4/3/22;-26,4;-30,4;-22,6;-21,0;-24,1
5/3/22;-24,7;-28,3;-20,7;-18,9;-22,0
6/3/22;-23,0;-26,6;-19,1;-17,0;-20,1
7/3/22;-21,1;-24,4;-17,3;-14,7;-17,9
8/3/22;-19,4;-22,6;-15,6;-12,6;-15,7
9/3/22;-18,4;-21,9;-15,3;-11,9;-14,9
10/3/22;-19,0;-22,3;-15,7;-12,1;-15,1
11/3/22;-18,7;-22,1;-15,4;-11,9;-15,0
12/3/22;-18,7;-22,1;-15,4;-11,9;-14,9
13/3/22;-18,7;-22,0;-15,3;-11,9;-14,7
14/3/22;-18,7;-22,1;-15,4;-12,0;-14,7
15/3/22;-18,7;-22,1;-15,4;-12,0;-14,7
16/3/22;-18,9;-22,0;-15,3;-11,9;-14,7
17/3/22;-18,7;-21,9;-15,1;-11,6;-14,7
18/3/22;-18,7;-21,9;-15,1;-11,7;-14,7
19/3/22;-18,6;-21,9;-15,1;-11,6;-14,7
20/3/22;-18,4;-21,9;-15,1;-11,6;-14,7
21/3/22;-18,1;-21,7;-14,9;-11,4;-14,6
22/3/22;-18,4;-22,0;-15,1;-11,9;-14,9
23/3/22;-18,3;-22,1;-15,0;-11,7;-14,9
24/3/22;-17,9;-22,3;-14,7;-11,6;-14,6
25/3/22;-17,9;-22,3;-14,7;-11,6;-14,6
26/3/22;-17,9;-22,3;-14,7;-11,7;-14,6
27/3/22;-17,9;-22,4;-14,9;-11,7;-14,6
28/3/22;-18,0;-22,4;-15,0;-11,9;-14,7
29/3/22;-17,7;-22,4;-15,0;-11,7;-14,6
30/3/22;-18,3;-22,7;-15,7;-12,3;-15,0
31/3/22;-19,0;-23,0;-16,3;-12,9;-15,4
1/4/22;-19,0;-23,0;-16,4;-12,9;-15,6
2/4/22;-19,0;-23,0;-16,6;-12,9;-15,7
3/4/22;-19,0;-23,0;-16,7;-13,0;-15,9
4/4/22;-19,0;-23,0;-16,9;-13,0;-15,9
5/4/22;-19,0;-22,9;-16,9;-12,9;-15,9
6/4/22;-18,9;-22,6;-16,6;-12,6;-15,6
7/4/22;-17,7;-21,3;-15,9;-11,4;-14,6
8/4/22;-17,6;-21,3;-15,9;-11,4;-14,4
9/4/22;-17,4;-21,1;-15,7;-11,3;-14,3
10/4/22;-17,6;-21,1;-15,9;-11,3;-14,4
11/4/22;-17,7;-21,1;-15,9;-11,3;-14,6
12/4/22;-18,3;-21,6;-16,0;-11,7;-15,0
13/4/22;-19,1;-22,4;-16,3;-12,3;-15,7
14/4/22;-20,6;-23,6;-17,0;-13,6;-16,9
15/4/22;-28,9;-32,0;-25,1;-22,9;-25,9
16/4/22;-29,4;-32,4;-25,6;-23,3;-26,3
17/4/22;-29,4;-32,4;-25,6;-23,4;-26,3
18/4/22;-29,3;-32,3;-25,6;-23,4;-26,1
19/4/22;-28,6;-31,7;-25,3;-23,0;-25,6
20/4/22;-27,9;-31,3;-25,1;-22,7;-25,1
21/4/22;-26,3;-30,1;-24,6;-21,7;-24,1
22/4/22;-19,6;-23,4;-18,3;-14,4;-17,1
23/4/22;-20,6;-24,7;-19,6;-16,0;-18,6
24/4/22;-21,9;-26,0;-20,7;-17,4;-20,0
25/4/22;-23,4;-27,9;-22,4;-19,4;-22,0
26/4/22;-25,1;-29,7;-24,1;-21,4;-24,1
27/4/22;-25,6;-30,3;-24,3;-21,9;-24,7
28/4/22;-27,1;-32,1;-25,4;-23,7;-26,4
29/4/22;-27,9;-33,0;-26,7;-24,6;-27,3
30/4/22;-28,0;-33,4;-27,0;-24,9;-27,7
1/5/22;-28,0;-33,6;-27,0;-24,9;-27,7
2/5/22;-28,0;-33,6;-27,0;-24,7;-27,7
3/5/22;-27,9;-33,6;-26,9;-24,6;-27,6
4/5/22;-27,6;-33,3;-26,7;-24,4;-27,3
5/5/22;-26,1;-31,7;-25,4;-22,9;-25,7
6/5/22;-24,0;-29,1;-22,1;-19,9;-22,9
7/5/22;-22,3;-26,9;-20,0;-17,4;-20,4
8/5/22;-20,9;-25,1;-18,6;-15,6;-18,7
9/5/22;-19,1;-23,1;-16,7;-13,4;-16,6
10/5/22;-17,6;-21,1;-14,9;-11,3;-14,4
11/5/22;-17,0;-20,4;-14,3;-10,4;-13,7
12/5/22;-17,3;-20,7;-14,3;-10,1;-13,7
13/5/22;-17,3;-20,7;-14,4;-10,3;-13,7
14/5/22;-17,1;-20,7;-14,4;-10,3;-13,7
15/5/22;-17,1;-20,7;-14,4;-10,4;-13,7
16/5/22;-17,3;-20,9;-14,4;-10,4;-13,7
17/5/22;-17,4;-21,0;-14,6;-10,6;-13,9
18/5/22;-17,6;-20,9;-14,6;-10,6;-13,7
19/5/22;-17,6;-20,9;-14,6;-10,7;-13,7
20/5/22;-17,9;-21,1;-14,7;-10,9;-14,0
21/5/22;-18,3;-21,6;-15,0;-11,3;-14,4
22/5/22;-19,3;-22,7;-15,4;-12,0;-15,3
23/5/22;-27,6;-31,1;-23,1;-21,0;-24,1
24/5/22;-32,1;-36,0;-27,1;-26,1;-29,1
25/5/22;-33,1;-37,3;-27,7;-27,3;-30,3
26/5/22;-32,7;-37,1;-27,6;-27,0;-30,1
27/5/22;-32,9;-37,1;-27,6;-27,0;-30,1
28/5/22;-32,7;-36,9;-27,3;-26,6;-29,7
29/5/22;-31,7;-35,6;-26,7;-25,7;-28,7
30/5/22;-23,3;-27,0;-18,9;-16,7;-19,7
31/5/22;-18,7;-22,1;-14,9;-11,6;-14,7
1/6/22;-18,1;-21,3;-14,4;-10,9;-14,0
2/6/22;-18,9;-21,7;-14,7;-11,6;-14,4
3/6/22;-25,3;-28,7;-21,4;-19,4;-21,9
4/6/22;-25,3;-28,6;-21,6;-19,6;-21,9
5/6/22;-25,4;-28,9;-21,9;-19,7;-22,0
6/6/22;-25,4;-28,9;-21,9;-19,7;-22,0
7/6/22;-25,3;-28,6;-21,7;-19,6;-21,7
8/6/22;-24,7;-27,9;-21,1;-18,9;-21,0
9/6/22;-23,6;-26,6;-20,4;-17,4;-19,7
10/6/22;-16,9;-19,3;-13,6;-9,6;-12,1
11/6/22;-16,9;-19,4;-13,4;-9,6;-12,3
12/6/22;-17,0;-19,4;-13,3;-9,7;-12,4
13/6/22;-17,4;-19,7;-13,6;-10,0;-12,7
14/6/22;-17,9;-20,3;-13,9;-10,4;-13,3
15/6/22;-18,4;-21,0;-14,4;-11,0;-13,9
16/6/22;-18,4;-21,1;-14,4;-11,1;-14,0
17/6/22;-18,7;-21,4;-14,6;-11,3;-14,1
18/6/22;-18,9;-21,6;-14,9;-11,6;-14,3
19/6/22;-19,1;-21,9;-15,1;-11,9;-14,4
20/6/22;-19,3;-22,0;-15,1;-12,0;-14,6
21/6/22;-19,6;-22,1;-15,3;-12,1;-14,7
22/6/22;-19,3;-21,9;-15,1;-12,0;-14,6
23/6/22;-19,3;-22,3;-15,3;-12,1;-14,9
24/6/22;-19,4;-22,4;-15,4;-12,4;-15,0
25/6/22;-19,7;-22,7;-15,6;-12,6;-15,3
26/6/22;-19,7;-22,9;-15,7;-12,6;-15,6
27/6/22;-20,0;-23,1;-16,1;-12,9;-15,9
28/6/22;-20,0;-23,1;-16,3;-13,0;-15,9
29/06/22;-20,14285714;-23,42857143;-16,28571429;-13,28571429;-16,0
30/06/22;-20,28571429;-23,57142857;-16,42857143;-13,71428571;-16,3
01/07/22;-20,57142857;-23,85714286;-16,85714286;-14,14285714;-16,7
02/07/22;-21;-24,28571429;-17,28571429;-14,71428571;-17,1
03/07/22;-21,42857143;-24,71428571;-17,85714286;-15,42857143;-17,7
04/07/22;-21,71428571;-25,14285714;-18,28571429;-15,85714286;-18,1
05/07/22;-22,42857143;-25,85714286;-19,28571429;-16,85714286;-19,1
06/07/22;-23,28571429;-26,71428571;-21,14285714;-18;-20,4
07/07/22;-23,71428571;-27;-21,71428571;-18,57142857;-21,0
08/07/22;-24,57142857;-28;-22,85714286;-19,71428571;-22,1
09/07/22;-25,42857143;-29;-24;-20,85714286;-23,3
10/07/22;-26,71428571;-30,14285714;-24,85714286;-22;-24,3
11/07/22;-34,14285714;-37,71428571;-32;-30,28571429;-32,3
12/07/22;-37,42857143;-41,28571429;-34,57142857;-33,71428571;-35,7
13/07/22;-37,57142857;-41,57142857;-33,71428571;-33,85714286;-35,9
14/07/22;-37,57142857;-41,57142857;-33,57142857;-33,85714286;-35,9
15/07/22;-38,28571429;-42,28571429;-34,28571429;-34,57142857;-36,7
16/07/22;-38,85714286;-42,85714286;-35,14285714;-35,42857143;-37,6
17/07/22;-38,57142857;-42,57142857;-35,28571429;-35,42857143;-37,6
18/07/22;-32;-36;-29,28571429;-28,57142857;-31,0
19/07/22;-29,28571429;-33,14285714;-27,42857143;-26;-28,4
20/07/22;-28,57142857;-32,57142857;-27;-25,57142857;-27,9
21/07/22;-28,42857143;-32,28571429;-27;-25,42857143;-27,7
22/07/22;-28,28571429;-32,28571429;-26,85714286;-25,28571429;-27,7
23/07/22;-28,28571429;-32,28571429;-26,57142857;-25,14285714;-27,6
24/07/22;-28,57142857;-32,71428571;-26,57142857;-25,28571429;-27,9
25/07/22;-29,28571429;-33,28571429;-26,85714286;-25,71428571;-28,3
26/07/22;-29,85714286;-34;-27,28571429;-26,28571429;-28,9
27/07/22;-30,14285714;-34,42857143;-27,85714286;-26,71428571;-29,1
28/07/22;-29,85714286;-34,42857143;-27,71428571;-26,57142857;-28,9
29/07/22;-31,57142857;-36;-28,85714286;-28;-30,1
30/07/22;-33,28571429;-37,71428571;-30;-29,42857143;-31,6
31/07/22;-35,14285714;-39,57142857;-31,42857143;-31;-33,1
01/08/22;-37;-41,28571429;-32,85714286;-32,42857143;-34,7
02/08/22;-38,57142857;-42,85714286;-34;-33,71428571;-36,0
03/08/22;-40,28571429;-44,28571429;-35,14285714;-35;-37,3
04/08/22;-41,57142857;-45,42857143;-36;-36,14285714;-38,4
05/08/22;-42,57142857;-46,42857143;-36,85714286;-37;-39,3
06/08/22;-43,57142857;-47,42857143;-37,71428571;-37,85714286;-40,3
07/08/22;-44,42857143;-48,28571429;-38,42857143;-38,57142857;-41,1
08/08/22;-45,28571429;-49,28571429;-39;-39,42857143;-42,0
09/08/22;-46,14285714;-50;-39,71428571;-40,28571429;-42,9
10/08/22;-46,71428571;-50,42857143;-40;-40,71428571;-43,4
11/08/22;-47,28571429;-50,28571429;-40,28571429;-40,71428571;-43,6
12/08/22;-50,42857143;-53,85714286;-44,14285714;-45;-47,7
13/08/22;-50,85714286;-54,14285714;-44,42857143;-45,28571429;-48,0
14/08/22;-51;-54,14285714;-44,42857143;-45,42857143;-48,0
15/08/22;-50,85714286;-53,71428571;-44,42857143;-45,28571429;-47,7
16/08/22;-50,57142857;-53,28571429;-44,28571429;-45;-47,4
17/08/22;-49,85714286;-52,57142857;-43,71428571;-44,42857143;-46,7
18/08/22;-48,85714286;-51,85714286;-43;-43,71428571;-45,9
19/08/22;-44,57142857;-47,14285714;-38,42857143;-38,57142857;-40,7
20/08/22;-42,85714286;-45,42857143;-37,28571429;-37,14285714;-39,1
21/08/22;-41,42857143;-43,85714286;-36,42857143;-35,85714286;-37,7
22/08/22;-40;-42,42857143;-35,42857143;-34,57142857;-36,4
23/08/22;-38,71428571;-41,14285714;-34,28571429;-33,28571429;-35,1
24/08/22;-38,14285714;-40,57142857;-33,71428571;-32,71428571;-34,6
25/08/22;-38,14285714;-40,85714286;-33,42857143;-32,57142857;-34,6
26/08/22;-36,85714286;-39,28571429;-32,14285714;-31,14285714;-33,1
27/08/22;-35,42857143;-37,71428571;-30,85714286;-29,71428571;-31,6
28/08/22;-34;-36,14285714;-29,42857143;-28,14285714;-30,0
29/08/22;-32,57142857;-34,85714286;-28,28571429;-26,85714286;-28,7
30/08/22;-31,14285714;-33,28571429;-27;-25,28571429;-27,1
31/08/22;-31,14285714;-33;-26,42857143;-24,71428571;-26,6
01/09/22;-32;-33,57142857;-26,42857143;-25;-26,9
02/09/22;-31,14285714;-32,71428571;-25,57142857;-24,14285714;-25,9
03/09/22;-30,57142857;-32,14285714;-24,85714286;-23,42857143;-25,1
04/09/22;-30,14285714;-31,85714286;-24,57142857;-23,14285714;-24,9
05/09/22;-29,71428571;-31,14285714;-23,85714286;-22,42857143;-24,1
06/09/22;-29,57142857;-30,85714286;-23,57142857;-22,14285714;-23,7
07/09/22;-29,57142857;-30,85714286;-23,71428571;-22,14285714;-23,7
08/09/22;-29,42857143;-30,85714286;-23,71428571;-22,42857143;-23,7
09/09/22;-29,28571429;-30,57142857;-23,57142857;-22,14285714;-23,6
10/09/22;-29,28571429;-30,42857143;-23,57142857;-22;-23,6
11/09/22;-29,14285714;-30,28571429;-23,42857143;-21,85714286;-23,6
12/09/22;-29;-30,14285714;-23,42857143;-21,71428571;-23,4
13/09/22;-28,71428571;-30;-23,14285714;-21,42857143;-23,3
14/09/22;-28,57142857;-29,71428571;-22,85714286;-21,14285714;-23,0
15/09/22;-29;-29,85714286;-23;-21,14285714;-23,1
16/09/22;-29;-29,85714286;-22,85714286;-21;-23,0
17/09/22;-28,85714286;-29,71428571;-22,57142857;-20,71428571;-22,7
18/09/22;-28,85714286;-29,57142857;-22,42857143;-20,57142857;-22,4
19/09/22;-28,71428571;-29,42857143;-22,14285714;-20,28571429;-22,1
20/09/22;-28,57142857;-29,28571429;-22;-20,14285714;-21,9
21/09/22;-28,71428571;-29,42857143;-22;-20,28571429;-22,0
22/09/22;-28,57142857;-29,42857143;-22,14285714;-20,28571429;-22,0
23/09/22;-28,28571429;-29,14285714;-22;-20;-21,7
24/09/22;-28;-28,85714286;-21,71428571;-19,85714286;-21,4
25/09/22;-27,57142857;-28,57142857;-21,42857143;-19,42857143;-21,0
26/09/22;-27,57142857;-28,57142857;-21,57142857;-19,71428571;-21,1
27/09/22;-27,14285714;-28;-21;-19,14285714;-20,7
28/09/22;-26,71428571;-27,71428571;-21;-18,85714286;-20,4
29/09/22;-27;-28;-21;-19;-20,6
